Note: modified from pivot table because a few bands existed under both P and 1+ categories. P is retained,,,,,,,,,,CURRENT VERSION: 12/07/2025,,,,,,,
Age,Band,2009,2010,2011,2012,2013,2014,2015,2016,2017,2018,2019,2020,2021,2022,2023,2024
P,162-64579,1,,,,,,,,,,,,,,,
P,162-64580,1,,,,,,,,,,,,,,,
P,162-64581,1,,,,,,,,,,,,,,,
P,162-64582,1,,,,,,,,,,,,,,,
P,162-64583,1,,,,,,,,,,,,,,,
P,162-64584,1,,,,,,,,,,,,,,,
P,162-64586,1,,,,,,,,,,,,,,,
P,162-64587,1,,,,,,,,,,,,,,,
P,162-64588,1,,,,,,,,,,,,,,,
P,162-64589,1,,,,,,,,,,,,,,,
P,162-64594,,1,,,,,,,,,,,,,,
P,162-64595,,1,,,,,,,,,,,,,,
P,162-64596,,1,,,,,,,,,,,,,,
P,162-64597,,1,,,,,,,,,,,,,,
P,162-64598,,1,,,,,,,,,,,,,,
P,162-79104,,,1,,,,,,,,,,,,,
P,162-79105,,,1,,,,,,,,,,,,,
P,162-79106,,,1,,,,,,,,,,,,,
P,162-79107,,,1,,,,,,,,,,,,,
P,162-79108,,,1,,,,,,,,,,,,,
P,162-79109,,,1,,,,,,,,,,,,,
P,162-79110,,,1,,,,,,,,,,,,,
P,162-79111,,,1,,,,,,,,,,,,,
P,162-79112,,,1,,,,,,,,,,,,,
P,162-79113,,,1,,,,,,,,,,,,,
P,162-79124,,,1,,,,,,,,,,,,,
P,162-79125,,,1,,,,,,,,,,,,,
P,162-79126,,,1,,,,,,,,,,,,,
P,162-79127,,,1,,,,,,,,,,,,,
P,162-79128,,,1,,,,,,,,,,,,,
P,162-79129,,,1,,,,,,,,,,,,,
P,162-79130,,,1,,,,,,,,,,,,,
P,162-79131,,,1,,,,,,,,,,,,,
P,162-79132,,,1,,,,,,,,,1,,,,
P,162-79133,,,1,,,,,,,,,,,,,
P,162-79134,,,1,,,,,,,,,,,,,
P,162-79135,,,1,,,,,,,,,,,,,
P,162-79136,,,1,,,,,,,,,,,,,
P,162-79137,,,1,,,,,,,,,,,,,
P,162-79138,,,1,,,,,,,,,,,,,
1+,162-79801,,,,,1,,,,,,,,,,,
1+,162-79802,,,,,1,,1,,,,,,,,,
1+,162-79803,,,,,1,,,,,,,,,,,
1+,162-79804,,,,,1,,,,,,,,,,,
1+,162-79805,,,,,1,,1,,,,,,,,,
1+,162-79806,,,,,1,,,,,,,,,,,
1+,162-79807,,,,,1,,1,,,,,,,,,
1+,162-79808,,,,,1,,1,,,,,1,1,,,
1+,162-79809,,,,,1,,1,,,,,,,,,
1+,162-79810,,,,,1,,1,,,,,,,,,
1+,162-79811,,,,,1,,,,,,,,,,,
1+,162-79812,,,,,1,,,,,,,,,,,
1+,162-79813,,,,,1,,,,,,,,,,,
1+,162-79814,,,,,1,,,,,,,,,,,
1+,162-79815,,,,,1,,,,,,,,,,,
1+,162-79816,,,,,1,,,,1,,,,,,,
1+,162-79817,,,,,1,,1,,,,,,,,,
1+,162-79818,,,,,1,,,,,,,,,,,
P,162-79851,,,,1,,,,,,,,,,,,
P,162-79852,,,,1,,,,,,,,,,,,
P,162-79853,,,,1,,,,,,,,,,,,
P,162-79854,,,,1,,,,,,,,,,,,
P,162-79855,,,,1,,,,,,,,,,,,
P,162-79856,,,,1,,,,,,,,,,,,
P,162-79857,,,,1,,,,,,,,,,,,
P,162-79858,,,,1,,,,,,,,,,,,
P,162-79859,,,,1,,,,,,,,,,,,
P,162-79860,,,,1,,,,,,,,,,,,
P,162-79861,,,,1,,,,,,,,,,,,
P,162-79862,,,,1,,,,,,,,,,,,
P,162-79863,,,,1,,,,,,,,,,,,
P,162-79864,,,,1,,,,,,,,,1,,,
P,162-79865,,,,1,,,,,,,,,,,,
P,162-79866,,,,1,,,,,,,,,,,,
P,162-79867,,,,1,,,,,,,,,,,,
P,162-79868,,,,1,,,,,,,,,,,,
P,162-79869,,,,1,,,,,,,,,,,,
P,162-79870,,,,1,,,,,,,,,,,,
P,162-79871,,,,1,,,,,,,,,,,,
P,162-79872,,,,1,,,,,,,,,,,,
P,162-79873,,,,1,,,,,,,,,,,,
P,162-79874,,,,1,,,,,,,,,,,,
P,162-79875,,,,1,,,,,,,,,,,,
P,162-79876,,,,1,,,,,,,,,,,,
P,162-79877,,,,1,,,,,,,,,,,,
P,162-79878,,,,1,,,,,,,,,,,,
P,162-79879,,,,1,,,,,,,,,,,,
P,162-79880,,,,1,,,,,,,,,,,,
1+,162-79881,,,,,1,,,,,,,,,,,
1+,162-79882,,,,,1,,,,,,,1,1,,,
1+,162-79883,,,,,1,,,,,,,,,,,
1+,162-79884,,,,,1,,,,,,,,,,,
1+,162-79885,,,,,1,,1,,,,,,,,,
1+,162-79886,,,,,1,,,,1,,,,,,,
1+,162-79887,,,,,1,,,,,,,,,,,
1+,162-79888,,,,,1,,,,,,,,,,,
1+,162-79889,,,,,1,,,,,,,,,,,
1+,162-79890,,,,,1,,1,,,,,,,,,
1+,162-79891,,,,,1,,1,,,,,,,,,
1+,162-79892,,,,,1,,,,,,,,,,,
1+,162-79893,,,,,1,,,,,,,1,,,,
1+,162-79894,,,,,1,,,,,,,,,,,
1+,162-79895,,,,,1,,,,,,,,,,,
1+,162-79896,,,,,1,,,,,,,,,,,
1+,162-79897,,,,,1,,,,,,,,,,,
1+,162-79898,,,,,1,,1,,,,,,1,,,
1+,162-79899,,,,,1,,,,,,,,,,,
1+,162-79900,,,,,1,,,,,,,,,,,
P,162-83004,,,,,1,,,,,,,,,,,
P,162-83005,,,,,1,,,,,,,,,,,
P,162-83006,,,,,1,,,,,,,,,,,
P,162-83007,,,,,1,,,,,,,,,,,
P,162-83008,,,,,1,,,,,,,,,,,
P,162-83009,,,,,1,,,,,,,,,,,
P,162-83010,,,,,1,,,,,,,,,,,
P,162-83011,,,,,1,,,,,,,,,,,
P,162-83012,,,,,1,,,,,,,,,,,
P,162-83013,,,,,1,,,,,,,,,,,
P,162-83014,,,,,1,,,,,,,,,,,
P,162-83015,,,,,1,,,,,,,,,,,
P,162-83016,,,,,1,,,,,,,,,,,
P,162-83017,,,,,1,,,,,,,,,,,
P,162-83018,,,,,1,,,,,,,,,,,
P,162-83019,,,,,1,,,,,,,,,,,
P,162-83020,,,,,1,,,,,,,,,,,
P,162-83021,,,,,1,,,,,,,,,,,
P,162-83022,,,,,1,,,,,,,,,,,
P,162-83023,,,,,1,,,,,,,,,,,
P,162-83024,,,,,1,,,,,,,,,,,
P,162-83025,,,,,1,,,,,,,,,,,
P,162-83026,,,,,1,,,,1,,,,,,,
P,162-83027,,,,,1,,1,,,,,,,,,
P,162-83028,,,,,1,,,,,,,,,,,
P,162-83029,,,,,1,,,,,,,,,,,
P,162-83030,,,,,1,,,,,,,,,,,
P,162-83031,,,,,1,,,,1,,,,,,,
P,162-83032,,,,,1,,,,,,,,,,,
P,162-83033,,,,,1,,,,,,,,,,,
P,162-83034,,,,,1,,,,,,,,,,,
P,162-83035,,,,,1,,,,,,,,,,,
P,162-83036,,,,,1,,,,,,,,,,,
P,162-83037,,,,,1,,,,,,,,,,,
P,162-83038,,,,,1,,,,,,,,,,,
P,162-83039,,,,,1,,,,,,,1,,,,
P,162-83040,,,,,1,,,,,,,,,,,
P,162-83041,,,,,1,,,,,,,,,,,
P,162-83042,,,,,1,,,,,,,,,,,
P,162-83043,,,,,1,,,,,,,,,,,
P,162-83044,,,,,1,,,,,,,,,,,
P,162-83057,,,,,1,,,,,,,,,,,
P,162-83058,,,,,1,,1,,,,,,,,,
P,162-83059,,,,,1,,,,,,,,,,,
P,162-83060,,,,,1,,,,,,,,,,,
P,162-83061,,,,,1,,,,,,,,,,,
P,162-83062,,,,,1,,,,,,,,,,,
P,162-83063,,,,,1,,,,,,,,,,,
1+,162-83064,,,,,,1,,,,,,,,,,
1+,162-83065,,,,,,1,1,,,,,,,,,
1+,162-83066,,,,,,1,1,,,,,,,,,
1+,162-83067,,,,,,1,,,,,,,,,,
1+,162-83068,,,,,,1,,,,,,,,,,
1+,162-83069,,,,,,1,,,,,,,,,,
1+,162-83070,,,,,,1,1,,,,,,,,,
1+,162-83071,,,,,,1,1,,,,,,,,,
1+,162-83072,,,,,,1,,,,,,,,,,
1+,162-83073,,,,,,1,1,,,,,,,,,
1+,162-83074,,,,,,1,1,,,,,,,,,
1+,162-83075,,,,,,1,1,,,,,,,,,
1+,162-83076,,,,,,1,,,,,,,,,,
1+,162-83077,,,,,,1,1,,,,,,,,,
1+,162-83078,,,,,,1,1,,,,,,,,,
1+,162-83079,,,,,,1,,,,,,,,,,
1+,162-83080,,,,,,1,1,,,,,,1,,,
1+,162-83081,,,,,,1,1,,,,,,,,,
1+,162-83082,,,,,,1,1,,,,,,,,,
1+,162-83083,,,,,,1,,,,,,,,,,
1+,162-83084,,,,,,1,,,,,,,,,,
1+,162-83085,,,,,,1,,,,,,,,,,
1+,162-83086,,,,,,1,,,,,,,,,,
P,162-83824,,,,,,1,,,,,,,,,,
P,162-83825,,,,,,1,,,,,,,,,,
P,162-83826,,,,,,1,,,,,,,1,,,
P,162-83827,,,,,,1,,,,,,,,,,
P,162-83828,,,,,,1,,,,,,,,,,
P,162-83829,,,,,,1,,,,,,,,,,
P,162-83830,,,,,,1,,,,,,,,,,
P,162-83831,,,,,,1,,,,,,,,,,
P,162-83832,,,,,,1,,,,,,,,,,
P,162-83833,,,,,,1,,,,,,,,,,
P,162-83834,,,,,,1,,,,,,,,,,
1+,162-83835,,,,,,1,,,,,,,,,,
P,162-83836,,,,,,1,,,,,,,,,,
P,162-83837,,,,,,1,,,,,,,,,,
1+,162-83838,,,,,,1,,,,,,,,,,
P,162-83839,,,,,,1,,,,,,,,,,
P,162-83877,,,,,,1,,,,,,,,,,
P,162-83878,,,,,,1,,,,,,,,,,
P,162-83879,,,,,,1,,,,,,1,,,,
P,162-83880,,,,,,1,,,,,,,,,,
P,162-83881,,,,,,1,,,,,,,,,,
P,162-83882,,,,,,1,,,,,,,,,,
P,162-83883,,,,,,1,,,,,,,,,,
P,162-83884,,,,,,1,,,,,,,,,,
P,162-83885,,,,,,1,,,,,,,,,,
P,162-83901,,,,,,,1,,,,,,,,,
P,162-83902,,,,,,,1,,,,,,,,,
P,162-83903,,,,,,,1,,,,,,,,,
P,162-83904,,,,,,,1,,,,,,,,,
P,162-83905,,,,,,,1,,,,,,,,,
P,162-83906,,,,,,,1,,,,,,,,,
P,162-83907,,,,,,,1,,,,,,,,,
P,162-83908,,,,,,,1,,,,,,,,,
P,162-83909,,,,,,,1,,,,,,,,,
P,162-83910,,,,,,,,1,,,,,,,,
P,162-83911,,,,,,,,1,,,,,,,,
P,162-83912,,,,,,,,1,,,,,,,,
P,162-83913,,,,,,,,1,,,,,,,,
P,162-83914,,,,,,,,1,,,,,,,,
P,162-83915,,,,,,,,1,,,,,,,,
P,162-83917,,,,,,,,1,,,,,,,,
P,162-83918,,,,,,,,1,,,,,,,,
P,162-83919,,,,,,,,1,,,,,,,,
P,162-83920,,,,,,,,1,,,,,,,,
P,162-83921,,,,,,,,1,,,,,,,,
P,162-83922,,,,,,,,1,,,,,,,,
P,162-83923,,,,,,,,1,,,,,,,,
P,162-83924,,,,,,,,1,,,,,,,,
P,162-83929,,,,,,,,1,,,,,,,,
1+,162-83930,,,,,,,,1,,,,,,,,
P,162-83931,,,,,,,,1,,,,,,,,
P,162-83932,,,,,,,,1,,,,,,,,
P,162-83933,,,,,,,,1,,,,,,,,
P,162-83934,,,,,,,,1,,,,,,,,
1+,162-83935,,,,,,,,1,,,,,,,,
P,162-83936,,,,,,,,1,,,,,,,,
P,162-83937,,,,,,,,1,,,,,,,,
1+,162-83938,,,,,,,,1,,,,,,,,
1+,162-83939,,,,,,,,1,,,,,,,,
P,162-83940,,,,,,,,1,,,,,,,,
1+,162-87001,,,,,,,1,,,,,,,,,
1+,162-87002,,,,,,,1,,,,,,,,,
1+,162-87003,,,,,,,1,,,,,,,,,
1+,162-87004,,,,,,,1,,,,,,,,,
1+,162-87005,,,,,,,1,,,,,,,,,
1+,162-87006,,,,,,,1,,,,,,,,,
1+,162-87007,,,,,,,1,,,,,,,,,
1+,162-87008,,,,,,,1,,,,,,,,,
1+,162-87009,,,,,,,1,,,,,,,,,
1+,162-87010,,,,,,,1,,,,,,,,,
1+,162-87011,,,,,,,1,,,,,,,,,
1+,162-87040,,,,,,,1,,,,,1,,,,
P,162-87041,,,,,,,1,,,,,,,,,
P,162-87042,,,,,,,1,,,,,,,,,
P,162-87043,,,,,,,1,,,,,,,,,
P,162-87044,,,,,,,1,,,,,,,,,
P,162-87045,,,,,,,1,,,,,,,,,
P,162-87046,,,,,,,1,,,,,,,,,
P,162-87047,,,,,,,1,,,,,,,,,
P,162-87048,,,,,,,1,,,,,1,,,,
P,162-87049,,,,,,,1,,,,,,,,,
P,162-87050,,,,,,,1,,,,,,,,,
P,162-87051,,,,,,,1,,,,,,,,,
1+,162-87052,,,,,,,1,,,,,,,,,
P,162-87053,,,,,,,1,,,,,1,,,,
P,162-87054,,,,,,,1,,,,,1,,,,
P,162-87055,,,,,,,1,,,,,,,,,
P,162-87056,,,,,,,1,,,,,,,,,
P,162-87057,,,,,,,1,,,,,,,,,
P,162-87058,,,,,,,1,,,,,,,,,
P,162-87059,,,,,,,1,,,,,,,,,
P,162-87060,,,,,,,1,,,,,,,,,
P,162-87061,,,,,,,1,,,,,,,,,
P,162-87062,,,,,,,1,,,,,,,,,
P,162-87063,,,,,,,1,,,,,,,,,
P,162-87064,,,,,,,1,,,,,,,,,
P,162-87065,,,,,,,1,,,,,,,,,
P,162-87066,,,,,,,1,,,,,,,,,
P,162-87067,,,,,,,1,,,,,,,,,
P,162-87068,,,,,,,1,,,,,,,,,
P,162-87069,,,,,,,1,,,,,,,,,
P,162-87070,,,,,,,1,,,,,,,,,
P,162-87071,,,,,,,1,,,,,,1,,,
P,162-87072,,,,,,,1,,,,,,,,,
P,162-87073,,,,,,,1,,,,,,,,,
P,162-87074,,,,,,,1,,,,,,,,,
P,162-87075,,,,,,,1,,,,,,,,,
P,162-87076,,,,,,,1,,,,,,,,,
P,162-87077,,,,,,,1,,,,,,,,,
P,162-87078,,,,,,,1,,,,,,,,,
P,162-87083,,,,,,,1,,,,,,,,,
P,162-87084,,,,,,,1,,,,,,,,,
P,162-87085,,,,,,,1,,,,,,,,1,
P,162-87086,,,,,,,1,,,,,,,,,
P,162-87087,,,,,,,1,,,,,,,,,
1+,162-87088,,,,,,,1,,,,,,,,,
P,162-87089,,,,,,,1,,,,,,,,,
P,162-87090,,,,,,,1,,,,,,,,,
P,162-87092,,,,,,,1,,,,,,,,,
P,162-87093,,,,,,,1,,,,,,,,,
P,162-87094,,,,,,,1,,,,,,,,,
P,162-87096,,,,,,,1,,,,,,,,,
P,162-87097,,,,,,,1,,,,,,,,,
P,162-87098,,,,,,,1,,,,,,,,,
P,162-87099,,,,,,,1,,,,,,,,,
P,162-87100,,,,,,,1,,,,,,,,,
P,162-87102,,,,,,,,1,,,,,,,,
1+,162-87103,,,,,,,,1,,,,,,,,
P,162-87104,,,,,,,,1,,,,,,,,
P,162-87106,,,,,,,,1,,,,,,,,
P,162-87129,,,,,,,,1,,,,,,,,
P,162-87130,,,,,,,,1,,,,,,,,
P,162-87131,,,,,,,,1,,,,,,,,
P,162-87132,,,,,,,,1,,,,,,,,
P,162-87133,,,,,,,,1,,,,,,,,
1+,162-87135,,,,,,,,1,,,,,,,,
P,162-87136,,,,,,,,1,,,,,,,,
P,162-87137,,,,,,,,1,,,,,,,,
1+,162-87138,,,,,,,,1,,,,,,,,
P,162-87139,,,,,,,,1,,,,,,,,
P,162-87140,,,,,,,,1,,,,,,,,
P,162-87141,,,,,,,,1,,,,,,,,
P,162-87142,,,,,,,,1,,,,,,,,
1+,162-87178,,,,,,,,,1,,,,,,,
1+,162-87179,,,,,,,,,1,,,,,,,
1+,162-87180,,,,,,,,,1,,,,,,,
1+,162-87181,,,,,,,,,1,,,,,,,
1+,162-87182,,,,,,,,,1,2,,,,,,
1+,162-87183,,,,,,,,,1,,,,,,,
1+,162-87184,,,,,,,,,1,,,,,,,
1+,162-87185,,,,,,,,,1,,,,,,,
1+,162-87186,,,,,,,,,1,,,,,,,
1+,162-87187,,,,,,,,,1,,,,,,,
1+,162-87188,,,,,,,,,1,,,,,,,
1+,162-87189,,,,,,,,,1,,,,,,,
1+,162-87190,,,,,,,,,1,,,,,,,
1+,162-87191,,,,,,,,,1,,,,,,,
1+,162-87192,,,,,,,,,1,,,1,,,,
P,162-87193,,,,,,,,,1,,,,,,,
P,162-87194,,,,,,,,,1,,,,,,,
P,162-87195,,,,,,,,,1,,,,,,,
P,162-87196,,,,,,,,,1,,,,,,,
P,162-87197,,,,,,,,,1,,,,,,,
P,162-87198,,,,,,,,,1,,,,,,,
P,162-87199,,,,,,,,,1,,,,,,,
P,162-87200,,,,,,,,,1,,,,,,,
P,162-87214,,,,,,,,,1,,,,,,,
P,162-87215,,,,,,,,,1,,,,,,,
P,162-87216,,,,,,,,,1,,,,,,,
P,162-87217,,,,,,,,,1,,,,,,,
P,162-87218,,,,,,,,,1,,,,,,,
P,162-87219,,,,,,,,,1,,,,,,,
P,162-87220,,,,,,,,,1,,,,,,,
P,162-87221,,,,,,,,,1,,,,,,,
P,162-87222,,,,,,,,,1,,,,,,,
P,162-87223,,,,,,,,,1,,,,,,,
P,162-87224,,,,,,,,,1,,,,,,,
P,162-87225,,,,,,,,,1,,,,,,,
P,162-87226,,,,,,,,,1,,,,,,,
P,162-87235,,,,,,,,,1,,,,,,,
P,162-87236,,,,,,,,,1,,,,,,,
P,162-87237,,,,,,,,,1,,,,,,,
P,162-87238,,,,,,,,,1,,,,,,,
P,162-87239,,,,,,,,,1,,,,,,,
P,162-87240,,,,,,,,,1,,,,,,,
P,162-87241,,,,,,,,,1,,,,,,,
P,162-87242,,,,,,,,,1,,,,,,,
P,162-87243,,,,,,,,,1,,,,,,,
P,162-87244,,,,,,,,,1,,,,,,,
P,162-87245,,,,,,,,,1,,,,,,,
P,162-87246,,,,,,,,,1,,,,,,,
P,162-87247,,,,,,,,,1,,,,,,,
P,162-87248,,,,,,,,,1,,,,,,,
P,162-87249,,,,,,,,,1,,,,,,,
P,162-87250,,,,,,,,,1,,,,,,,
P,162-87251,,,,,,,,,1,,,,,,,
P,162-87252,,,,,,,,,1,,,,,,,
P,162-87253,,,,,,,,,1,,,,,,,
P,162-87254,,,,,,,,,1,,,,,,,
P,162-87255,,,,,,,,,1,,,,,,,
P,162-87256,,,,,,,,,1,,,,,,,
P,162-87257,,,,,,,,,1,,,,,,,
P,162-87258,,,,,,,,,1,,,,,,,
P,162-87259,,,,,,,,,1,,,,,,,
P,162-87260,,,,,,,,,1,,,,,,,
P,162-87261,,,,,,,,,1,,,,,,,
P,162-87262,,,,,,,,,1,,,,,,,
P,162-87263,,,,,,,,,1,,,,,,,
P,162-87264,,,,,,,,,1,,,,,,,
P,162-87265,,,,,,,,,1,,,,,,,
P,162-87266,,,,,,,,,1,,,,,,,
P,162-87267,,,,,,,,,1,,,,,,,
P,162-87268,,,,,,,,,1,,,,,,,
P,162-87269,,,,,,,,,1,,,,,,,
P,162-87270,,,,,,,,,1,,,,,,,
P,162-87271,,,,,,,,,1,,,,,,,
P,162-87272,,,,,,,,,1,,,,,,,
P,162-87273,,,,,,,,,1,,,,,,,
P,162-87274,,,,,,,,,1,,,,,,,
P,162-87275,,,,,,,,,1,,,,,,,
P,162-87276,,,,,,,,,1,,,,,,,
P,162-87277,,,,,,,,,1,,,,,,,
P,162-87278,,,,,,,,,1,,,,,,,
P,162-87279,,,,,,,,,1,,,,,,,
P,162-87280,,,,,,,,,1,,,,,,,
P,162-87281,,,,,,,,,1,,,,,,,
P,162-87283,,,,,,,,,1,,,,,,,
P,162-87284,,,,,,,,,1,,,,,,,
P,162-87285,,,,,,,,,1,,,,,,,
P,162-87286,,,,,,,,,1,,,,,,,
P,162-87287,,,,,,,,,1,,,,,,,
P,162-87288,,,,,,,,,1,,,,,,,
P,162-87289,,,,,,,,,1,,,,,,,
P,162-87291,,,,,,,,,1,,,,,,,
P,162-87292,,,,,,,,,1,,,,,,,
P,162-87293,,,,,,,,,1,,,,,,,
P,162-87294,,,,,,,,,1,,,,,,,
P,162-87295,,,,,,,,,1,,,,,,,
P,162-87296,,,,,,,,,1,,,,,,,
P,162-87297,,,,,,,,,1,,,,,,,
P,162-87298,,,,,,,,,1,,,,,,,
P,162-87299,,,,,,,,,1,,,,,,,
P,162-87300,,,,,,,,,1,,,,,,,
P,162-87301,,,,,,,,,1,,,,,,,
P,162-87302,,,,,,,,,1,,,,,,,
P,162-87303,,,,,,,,,1,,,,,,,
P,162-87304,,,,,,,,,1,,,,,,,
P,162-87305,,,,,,,,,1,,,,,,,
P,162-87306,,,,,,,,,1,,,,,,,
P,162-87307,,,,,,,,,1,,,,,,,
1+,162-87308,,,,,,,,,,1,,,,,,
1+,162-87309,,,,,,,,,,1,,,,,,
1+,162-87310,,,,,,,,,,1,,,,,,
1+,162-87311,,,,,,,,,,1,,,,,,
1+,162-87312,,,,,,,,,,1,,2,,,,
1+,162-87313,,,,,,,,,,1,,1,,,1,
1+,162-87314,,,,,,,,,,1,,,,,,
1+,162-87315,,,,,,,,,,1,,,,,,
1+,162-87316,,,,,,,,,,1,,,,,,
1+,162-87317,,,,,,,,,,1,,,,,1,
1+,162-87318,,,,,,,,,,1,,,,,,
1+,162-87319,,,,,,,,,,1,,,,,,
1+,162-87320,,,,,,,,,,1,,,,,,
1+,162-87321,,,,,,,,,,1,,,,,,
1+,162-87322,,,,,,,,,,1,,,,,,
1+,162-87323,,,,,,,,,,1,,,,,,
P,162-87324,,,,,,,,,,1,,,,,,
1+,162-87325,,,,,,,,,,1,,,,,,
1+,162-87326,,,,,,,,,,1,,1,,,,
1+,162-87327,,,,,,,,,,1,,,,,,
1+,162-87328,,,,,,,,,,1,,,,,,
1+,162-87329,,,,,,,,,,1,,,,,,
1+,162-87330,,,,,,,,,,1,,,,,,
1+,162-87331,,,,,,,,,,1,,,,,,
P,162-87332,,,,,,,,,,1,,,,,,
P,162-87333,,,,,,,,,,1,,,,,,
P,162-87334,,,,,,,,,,1,,,,,,
P,162-87335,,,,,,,,,,1,,,,,,
P,162-87336,,,,,,,,,,1,,,,,,
P,162-87337,,,,,,,,,,1,,,,,,
P,162-87338,,,,,,,,,,1,,,,,,
P,162-87339,,,,,,,,,,1,,,,,,
P,162-87340,,,,,,,,,,1,,,,,,
P,162-87341,,,,,,,,,,1,,,,,,
P,162-87342,,,,,,,,,,1,,,,,,
P,162-87343,,,,,,,,,,1,,,,,,
P,162-87344,,,,,,,,,,1,,,,,,
P,162-87345,,,,,,,,,,1,,,,,,
P,162-87346,,,,,,,,,,1,,,,,,
P,162-87347,,,,,,,,,,1,,,,,,
P,162-87348,,,,,,,,,,1,,,,,,
P,162-87349,,,,,,,,,,1,,,,,,
P,162-87350,,,,,,,,,,1,,,,,,
P,162-87351,,,,,,,,,,1,,,,,,
P,162-87352,,,,,,,,,,1,,,,,,
P,162-87353,,,,,,,,,,1,,,,,,
P,162-87354,,,,,,,,,,1,,,,,,
P,162-87355,,,,,,,,,,1,,,,,,
P,162-87356,,,,,,,,,,1,,,,,,
P,162-87357,,,,,,,,,,1,,,,,,
P,162-87358,,,,,,,,,,1,,,,,,
P,162-87359,,,,,,,,,,1,,,,,,
P,162-87360,,,,,,,,,,1,,,,,,
P,162-87361,,,,,,,,,,1,,,,,,
P,162-87362,,,,,,,,,,1,,,,,,
P,162-87363,,,,,,,,,,1,,,,,,
P,162-87364,,,,,,,,,,1,,,,,,
P,162-87365,,,,,,,,,,1,,,,,,
P,162-87366,,,,,,,,,,1,,,,,,
P,162-87367,,,,,,,,,,1,,,,,,
P,162-87368,,,,,,,,,,1,,,,,,
P,162-87369,,,,,,,,,,1,,,,,,
P,162-87370,,,,,,,,,,1,,,,,,
P,162-87371,,,,,,,,,,1,,,,,,
P,162-87372,,,,,,,,,,1,,,,,,
P,162-87373,,,,,,,,,,1,,,,,,
P,162-87374,,,,,,,,,,1,,,,,,
P,162-87375,,,,,,,,,,1,,,,,,
P,162-87376,,,,,,,,,,1,,,,,,
P,162-87377,,,,,,,,,,1,,,,,,
P,162-87378,,,,,,,,,,1,,,,,,
P,162-87379,,,,,,,,,,1,,,,,,
P,162-87380,,,,,,,,,,1,,,,,,
P,162-87381,,,,,,,,,,1,,,,,,
P,162-87382,,,,,,,,,,1,,,,,,
P,162-87383,,,,,,,,,,1,,,,,,
P,162-87384,,,,,,,,,,1,,,,,,
P,162-87385,,,,,,,,,,1,,,,,,
P,162-87386,,,,,,,,,,1,,,,,,
P,162-87387,,,,,,,,,,1,,,,,,
P,162-87388,,,,,,,,,,1,,,,,,
P,162-87389,,,,,,,,,,1,,,,,,
P,162-87390,,,,,,,,,,1,,,,,,
P,162-87391,,,,,,,,,,1,,,,,,
P,162-87392,,,,,,,,,,1,,,,,,
P,162-87393,,,,,,,,,,1,,,,,,
P,162-87394,,,,,,,,,,1,,,,,,
P,162-87395,,,,,,,,,,1,,,,,,
P,162-87396,,,,,,,,,,1,,,,,,
P,162-87397,,,,,,,,,,1,,,,,,
P,162-87398,,,,,,,,,,1,,,,,,
P,162-87399,,,,,,,,,,1,,,,,,
P,162-87400,,,,,,,,,,1,,,,,,
P,162-87401,,,,,,,,,,1,,,,,,
P,162-87402,,,,,,,,,,1,,,,,,
P,162-87403,,,,,,,,,,1,,,,,,
P,162-87404,,,,,,,,,,1,,,,,,
1+,162-87405,,,,,,,,,,1,,,,,,
P,162-87406,,,,,,,,,,1,,,,,,
P,162-87407,,,,,,,,,,1,,,,,,
P,162-87408,,,,,,,,,,1,,,,,,
P,162-87409,,,,,,,,,,1,,,,,,
P,162-87410,,,,,,,,,,1,,,,,,
P,162-87411,,,,,,,,,,1,,,,,,
P,162-87412,,,,,,,,,,1,,,,,,
1+,162-87413,,,,,,,,,,1,,,,,,
1+,162-87414,,,,,,,,,,1,,,,,,
P,162-87415,,,,,,,,,,1,,,,,,
P,162-87416,,,,,,,,,,1,,,,,,
P,162-87417,,,,,,,,,,1,,,,,,
1+,162-87418,,,,,,,,,,1,,,,,,
P,162-87419,,,,,,,,,,1,,,,,,
P,162-87420,,,,,,,,,,1,,,,,,
P,162-87421,,,,,,,,,,1,,,,,,
P,162-87422,,,,,,,,,,1,,,,,,
P,162-87423,,,,,,,,,,1,,,,,,
1+,162-87424,,,,,,,,,,1,,,,,,
1+,162-87425,,,,,,,,,,1,,,,,,
P,162-87426,,,,,,,,,,1,,,,,,
P,162-87427,,,,,,,,,,1,,,,,,
P,162-87428,,,,,,,,,,1,,,,,,
P,162-87429,,,,,,,,,,1,,,,,,
P,162-87430,,,,,,,,,,1,,,,,,
P,162-87431,,,,,,,,,,1,,,,,,
P,162-87432,,,,,,,,,,1,,,,,,
P,162-87433,,,,,,,,,,1,,,,,,
P,162-87434,,,,,,,,,,1,,,,,,
1+,162-87435,,,,,,,,,,1,,,,,,
P,162-87436,,,,,,,,,,1,,,,,,
P,162-87437,,,,,,,,,,1,,,,,,
1+,162-87438,,,,,,,,,,1,,,,,,
1+,162-87439,,,,,,,,,,1,,1,,,,
P,162-87440,,,,,,,,,,1,,,,,,
P,162-87441,,,,,,,,,,1,,,,,,
1+,162-87442,,,,,,,,,,1,,,,,,
P,162-87443,,,,,,,,,,1,,,,,,
P,162-87444,,,,,,,,,,1,,,,,,
P,162-87445,,,,,,,,,,1,,,,,,
P,162-87446,,,,,,,,,,1,,,,,,
P,162-87447,,,,,,,,,,1,,,,,,
P,162-87448,,,,,,,,,,1,,,,,,
P,162-87449,,,,,,,,,,1,,,,,,
P,162-87450,,,,,,,,,,1,,,,,,
P,162-87451,,,,,,,,,,1,,,,,,
P,162-87452,,,,,,,,,,1,,,,,,
P,162-87453,,,,,,,,,,1,,,,,,
P,162-87454,,,,,,,,,,1,,,,,,
1+,162-87455,,,,,,,,,,1,,,,,,
P,162-87456,,,,,,,,,,1,,,,,,
P,162-87457,,,,,,,,,,1,,,,,,
P,162-87458,,,,,,,,,,1,,,,,,
P,162-87459,,,,,,,,,,1,,,,,,
1+,162-87460,,,,,,,,,,1,,,,,,
P,162-87461,,,,,,,,,,1,,,,,,
P,162-87462,,,,,,,,,,1,,,,,,
P,162-87463,,,,,,,,,,1,,,,,,
P,162-87464,,,,,,,,,,1,,,,,,
P,162-87465,,,,,,,,,,1,,,,,,
P,162-87466,,,,,,,,,,1,,,,,,
P,162-87467,,,,,,,,,,1,,,,,,
P,162-87468,,,,,,,,,,1,,,,,,
P,162-87469,,,,,,,,,,1,,,,,,
P,162-87470,,,,,,,,,,1,,,,,,
P,162-87471,,,,,,,,,,1,,,,,,
P,162-87472,,,,,,,,,,1,,,,,,
P,162-87473,,,,,,,,,,1,,,,,,
P,162-87474,,,,,,,,,,1,,,,,,
P,162-87475,,,,,,,,,,1,,,,,,
P,162-87476,,,,,,,,,,1,,,,,,
P,162-87477,,,,,,,,,,1,,,,,,
P,162-87478,,,,,,,,,,1,,,,,,
P,162-87479,,,,,,,,,,1,,,,,,
P,162-87480,,,,,,,,,,1,,,,,,
P,162-87481,,,,,,,,,,1,,,,,,
P,162-87482,,,,,,,,,,1,,,,,,
P,162-87483,,,,,,,,,,1,,,,,,
P,162-87484,,,,,,,,,,1,,,,,,
P,162-87485,,,,,,,,,,1,,,,,,
P,162-87486,,,,,,,,,,1,,,,,,
P,162-87488,,,,,,,,,,,,1,,,,
P,162-87489,,,,,,,,,,,,1,,,,
P,162-87490,,,,,,,,,,,,1,,,,
P,162-87491,,,,,,,,,,,,1,,,,
P,162-87492,,,,,,,,,,,,1,,,,
P,162-87493,,,,,,,,,,,,1,,,,
P,162-87494,,,,,,,,,,,,1,,,,
P,162-87495,,,,,,,,,,,,1,,,,
P,162-87496,,,,,,,,,,,,1,,,,
P,162-87497,,,,,,,,,,,,1,,,,
P,162-87498,,,,,,,,,,,,1,,,,
P,162-87499,,,,,,,,,,,,1,,,,
A,162-89552,,,,,,,,,,,,,,,,1
A,162-89553,,,,,,,,,,,,,,,,1
A,162-89554,,,,,,,,,,,,,,,,1
A,162-89555,,,,,,,,,,,,,,,,1
A,162-89556,,,,,,,,,,,,,,,,1
A,162-89557,,,,,,,,,,,,,,,,1
A,162-89558,,,,,,,,,,,,,,,,1
A,162-89559,,,,,,,,,,,,,,,,1
A,162-89560,,,,,,,,,,,,,,,,1
A,162-89561,,,,,,,,,,,,,,,,1
A,162-89562,,,,,,,,,,,,,,,,1
A,162-89563,,,,,,,,,,,,,,,,1
A,162-89564,,,,,,,,,,,,,,,,1
A,162-89565,,,,,,,,,,,,,,,,1
A,162-89566,,,,,,,,,,,,,,,,1
A,162-89567,,,,,,,,,,,,,,,,1
A,162-89568,,,,,,,,,,,,,,,,1
A,162-89569,,,,,,,,,,,,,,,,1
A,162-89570,,,,,,,,,,,,,,,,1
A,162-89571,,,,,,,,,,,,,,,,1
P,162-89651,,,,,,,,,,,,,1,,,
P,162-89652,,,,,,,,,,,,,1,,,
P,162-89653,,,,,,,,,,,,,1,,,
P,162-89654,,,,,,,,,,,,,1,,,
P,162-89655,,,,,,,,,,,,,1,,,
P,162-89656,,,,,,,,,,,,,1,,,
P,162-89657,,,,,,,,,,,,,1,,,
P,162-89658,,,,,,,,,,,,,1,,,
P,162-89659,,,,,,,,,,,,,1,,,
P,162-89661,,,,,,,,,,,,,1,,,
P,162-89662,,,,,,,,,,,,,1,,,
P,162-89663,,,,,,,,,,,,,1,,,
P,162-89670,,,,,,,,,,,,,1,,,
P,162-89671,,,,,,,,,,,,,1,,,
P,162-89672,,,,,,,,,,,,,1,,,
P,162-89674,,,,,,,,,,,,,1,,,
P,162-89675,,,,,,,,,,,,,1,,,
P,162-89676,,,,,,,,,,,,,1,,,
P,162-89677,,,,,,,,,,,,,1,,,
P,162-89678,,,,,,,,,,,,,1,,,
P,162-89679,,,,,,,,,,,,,1,,,
1+,162-89681,,,,,,,,,,,,,,1,1,
1+,162-89682,,,,,,,,,,,,,,1,,
1+,162-89683,,,,,,,,,,,,,,1,,
1+,162-89684,,,,,,,,,,,,,,1,,
1+,162-89685,,,,,,,,,,,,,,1,,
1+,162-89687,,,,,,,,,,,,,,1,,
1+,162-89688,,,,,,,,,,,,,,1,,
1+,162-89689,,,,,,,,,,,,,,1,,
P,162-89690,,,,,,,,,,,,,,1,,
1+,162-89691,,,,,,,,,,,,,,1,,
1+,162-89692,,,,,,,,,,,,,,1,,
P,162-89693,,,,,,,,,,,,,,1,,
P,162-89694,,,,,,,,,,,,,,1,,
1+,162-89695,,,,,,,,,,,,,,1,,
P,162-89696,,,,,,,,,,,,,,1,,
1+,162-89697,,,,,,,,,,,,,,1,,
P,162-89698,,,,,,,,,,,,,,1,,
P,162-89699,,,,,,,,,,,,,,1,,
P,162-89700,,,,,,,,,,,,,,1,,
P,162-89701,,,,,,,,,,,,,,1,,
P,162-89702,,,,,,,,,,,,,,1,,
P,162-89703,,,,,,,,,,,,,,1,,
P,162-89704,,,,,,,,,,,,,,1,,
1+,162-89705,,,,,,,,,,,,,,,2,
1+,162-89706,,,,,,,,,,,,,,,1,
1+,162-89707,,,,,,,,,,,,,,,1,
1+,162-89708,,,,,,,,,,,,,,,1,
1+,162-89709,,,,,,,,,,,,,,,1,
1+,162-89710,,,,,,,,,,,,,,,1,
1+,162-89711,,,,,,,,,,,,,,,1,
1+,162-89712,,,,,,,,,,,,,,,1,
1+,162-89713,,,,,,,,,,,,,,,1,
1+,162-89714,,,,,,,,,,,,,,,1,
1+,162-89715,,,,,,,,,,,,,,,1,
1+,162-89716,,,,,,,,,,,,,,,1,
1+,162-89717,,,,,,,,,,,,,,,1,
1+,162-89718,,,,,,,,,,,,,,,1,
1+,162-89719,,,,,,,,,,,,,,,1,
1+,162-89720,,,,,,,,,,,,,,,1,
1+,162-89721,,,,,,,,,,,,,,,1,
1+,162-89722,,,,,,,,,,,,,,,1,
1+,162-89723,,,,,,,,,,,,,,,1,
1+,162-89724,,,,,,,,,,,,,,,1,
1+,162-89725,,,,,,,,,,,,,,,1,
1+,162-89726,,,,,,,,,,,,,,,1,
1+,162-89727,,,,,,,,,,,,,,,1,
1+,162-89728,,,,,,,,,,,,,,,1,
1+,162-89729,,,,,,,,,,,,,,,1,
1+,162-89730,,,,,,,,,,,,,,,1,
1+,162-89731,,,,,,,,,,,,,,,1,
1+,162-89732,,,,,,,,,,,,,,,1,
P,162-89860,,,,,,,,,,,,1,,,,
P,162-89861,,,,,,,,,,,,1,,,,
P,162-89862,,,,,,,,,,,,1,,,,
P,162-89863,,,,,,,,,,,,1,,,,
P,162-89864,,,,,,,,,,,,1,,,,
P,162-89865,,,,,,,,,,,,1,,,,
P,162-89866,,,,,,,,,,,,1,,,,
P,162-89867,,,,,,,,,,,,1,,,,
P,162-89868,,,,,,,,,,,,1,,,,
P,162-89869,,,,,,,,,,,,1,,,,
P,162-89870,,,,,,,,,,,,1,,,,
P,162-89871,,,,,,,,,,,,1,,,,
P,162-89872,,,,,,,,,,,,1,,,,
P,162-89873,,,,,,,,,,,,1,,,,
1+,162-89874,,,,,,,,,,,,1,,,,
1+,162-89875,,,,,,,,,,,,1,,,,
1+,162-89876,,,,,,,,,,,,1,,,,
P,162-89884,,,,,,,,,,,,,1,,,
P,162-89885,,,,,,,,,,,,,1,,,
P,162-89886,,,,,,,,,,,,,1,,,
P,162-89887,,,,,,,,,,,,,1,,,
P,162-89888,,,,,,,,,,,,,1,,,
P,162-89889,,,,,,,,,,,,,1,,,
P,162-89890,,,,,,,,,,,,,1,,,
P,162-89891,,,,,,,,,,,,,1,,,
P,162-89892,,,,,,,,,,,,,1,,,
P,162-89893,,,,,,,,,,,,,1,,,
P,162-89894,,,,,,,,,,,,,1,,,
P,162-89895,,,,,,,,,,,,,1,,,
P,162-89896,,,,,,,,,,,,,1,,,
P,162-89897,,,,,,,,,,,,,1,,,
P,162-89898,,,,,,,,,,,,,1,,,
P,162-89899,,,,,,,,,,,,,1,,,
P,162-89900,,,,,,,,,,,,,1,,,
P,162-91051,,,,,,,,,,,,,,1,,
P,162-91052,,,,,,,,,,,,,,1,,
P,162-91053,,,,,,,,,,,,,,1,,
P,162-91054,,,,,,,,,,,,,,1,,
P,162-91055,,,,,,,,,,,,,,1,,
P,162-91056,,,,,,,,,,,,,,1,,
P,162-91057,,,,,,,,,,,,,,1,,
P,162-91058,,,,,,,,,,,,,,1,,
P,162-91059,,,,,,,,,,,,,,1,,
P,162-91060,,,,,,,,,,,,,,1,,
P,162-91061,,,,,,,,,,,,,,1,,
P,162-91062,,,,,,,,,,,,,,1,,
P,162-91063,,,,,,,,,,,,,,1,,
P,162-91064,,,,,,,,,,,,,,1,,
P,162-91065,,,,,,,,,,,,,,1,,
P,162-91066,,,,,,,,,,,,,,1,,
P,162-91068,,,,,,,,,,,,,,1,,
P,162-91069,,,,,,,,,,,,,,1,,
P,162-91070,,,,,,,,,,,,,,1,,
P,162-91071,,,,,,,,,,,,,,1,,
P,162-91072,,,,,,,,,,,,,,1,,
P,162-91073,,,,,,,,,,,,,,1,,
P,162-91074,,,,,,,,,,,,,,1,,
P,162-91075,,,,,,,,,,,,,,1,,
P,162-91076,,,,,,,,,,,,,,1,,
P,162-91077,,,,,,,,,,,,,,1,,
P,162-91078,,,,,,,,,,,,,,1,,
P,162-91079,,,,,,,,,,,,,,1,,
P,162-91080,,,,,,,,,,,,,,1,,
P,162-91081,,,,,,,,,,,,,,1,,
P,162-91082,,,,,,,,,,,,,,1,,
P,162-91083,,,,,,,,,,,,,,1,,
P,162-91084,,,,,,,,,,,,,,1,,
P,162-91085,,,,,,,,,,,,,,1,,
P,162-91086,,,,,,,,,,,,,,1,,
P,162-91087,,,,,,,,,,,,,,1,,
P,162-91088,,,,,,,,,,,,,,1,,
P,162-91089,,,,,,,,,,,,,,1,,
P,162-91090,,,,,,,,,,,,,,1,,
P,162-91091,,,,,,,,,,,,,,1,,
P,162-91092,,,,,,,,,,,,,,1,,
P,162-91093,,,,,,,,,,,,,,1,,
P,162-91094,,,,,,,,,,,,,,1,,
P,162-91097,,,,,,,,,,,,,,1,,
P,162-91098,,,,,,,,,,,,,,1,,
P,162-91099,,,,,,,,,,,,,,1,,
P,162-91100,,,,,,,,,,,,,,1,,
P,162-91101,,,,,,,,,,,,,,1,,
P,162-91102,,,,,,,,,,,,,,1,,
P,162-91103,,,,,,,,,,,,,,1,,
P,162-91104,,,,,,,,,,,,,,1,,
P,162-91105,,,,,,,,,,,,,,1,,
1+,162-91106,,,,,,,,,,,,,,1,,
P,162-91107,,,,,,,,,,,,,,1,,
1+,162-91108,,,,,,,,,,,,,,1,,
1+,162-91109,,,,,,,,,,,,,,1,,
P,162-91110,,,,,,,,,,,,,,1,,
P,162-91111,,,,,,,,,,,,,,1,,
P,162-91112,,,,,,,,,,,,,,1,,
P,162-91113,,,,,,,,,,,,,,1,,
P,162-91114,,,,,,,,,,,,,,1,,
P,162-91115,,,,,,,,,,,,,,1,,
P,162-91116,,,,,,,,,,,,,,1,,
P,162-91117,,,,,,,,,,,,,,1,,
P,162-91118,,,,,,,,,,,,,,1,,
P,162-91119,,,,,,,,,,,,,,1,,
P,162-91120,,,,,,,,,,,,,,1,,
P,162-91121,,,,,,,,,,,,,,1,,
P,162-91122,,,,,,,,,,,,,,1,,
P,162-91123,,,,,,,,,,,,,,1,,
P,162-91124,,,,,,,,,,,,,,1,,
P,162-91125,,,,,,,,,,,,,,1,,
P,162-91126,,,,,,,,,,,,,,1,,
P,162-91127,,,,,,,,,,,,,,1,,
1+,162-91128,,,,,,,,,,,,,,1,,
P,162-91129,,,,,,,,,,,,,,1,,
P,162-91130,,,,,,,,,,,,,,1,,
P,162-91131,,,,,,,,,,,,,,1,,
P,162-91132,,,,,,,,,,,,,,1,,
P,162-91133,,,,,,,,,,,,,,1,,
P,162-91134,,,,,,,,,,,,,,1,,
P,162-91135,,,,,,,,,,,,,,1,,
P,162-91136,,,,,,,,,,,,,,1,,
P,162-91137,,,,,,,,,,,,,,1,,
P,162-91138,,,,,,,,,,,,,,1,,
P,162-91139,,,,,,,,,,,,,,1,,
P,162-91140,,,,,,,,,,,,,,1,,
P,162-91141,,,,,,,,,,,,,,1,,
P,162-91142,,,,,,,,,,,,,,1,,
P,162-91143,,,,,,,,,,,,,,1,,
P,162-91144,,,,,,,,,,,,,,1,,
P,162-91145,,,,,,,,,,,,,,1,,
P,162-91146,,,,,,,,,,,,,,1,,
P,162-91147,,,,,,,,,,,,,,1,,
P,162-91148,,,,,,,,,,,,,,1,,
P,162-91149,,,,,,,,,,,,,,1,,
P,162-91150,,,,,,,,,,,,,,1,,
P,162-97240,,1,,,,,,,,,,,,,,
P,162-97241,,1,,,,,,,,,,,,,,
P,162-97242,,1,,,,,,,,,,,,,,
P,162-97254,,1,,,,,,,,,,,,,,
P,162-97255,,1,,,,,,,,,,,,,,
P,162-97256,,1,,,,,,,,,,,,,,
P,162-97257,,1,,,,,,,,,,,,,,
P,162-97258,,1,,,,,,,,,,,,,,
P,162-97259,,1,,,,,,,,,,,,,,
P,162-97260,,1,,,,,,,,,,,,,,
P,162-97261,,1,,,,,,,,,,,,,,
P,162-97262,,1,,,,,,,,,,,,,,
P,162-97263,,1,,,,,,,,,,,,,,
